-- phpMyAdmin SQL Dump
-- version 5.2.1
-- https://www.phpmyadmin.net/
--
-- Host: 127.0.0.1
-- Generation Time: Nov 23, 2025 at 04:36 AM
-- Server version: 10.4.32-MariaDB
-- PHP Version: 8.2.12

SET SQL_MODE = "NO_AUTO_VALUE_ON_ZERO";
START TRANSACTION;
SET time_zone = "+00:00";


/*!40101 SET @OLD_CHARACTER_SET_CLIENT=@@CHARACTER_SET_CLIENT */;
/*!40101 SET @OLD_CHARACTER_SET_RESULTS=@@CHARACTER_SET_RESULTS */;
/*!40101 SET @OLD_COLLATION_CONNECTION=@@COLLATION_CONNECTION */;
/*!40101 SET NAMES utf8mb4 */;

--
-- Database: `laravelordermanagementsystem`
--

-- --------------------------------------------------------

--
-- Table structure for table `cache`
--

CREATE TABLE `cache` (
  `key` varchar(255) NOT NULL,
  `value` mediumtext NOT NULL,
  `expiration` int(11) NOT NULL
) ENGINE=InnoDB DEFAULT CHARSET=utf8mb4 COLLATE=utf8mb4_unicode_ci;

--
-- Dumping data for table `cache`
--

INSERT INTO `cache` (`key`, `value`, `expiration`) VALUES
('laravel-cache-boost.roster.scan', 'a:2:{s:6:\"roster\";O:21:\"Laravel\\Roster\\Roster\":3:{s:13:\"\0*\0approaches\";O:29:\"Illuminate\\Support\\Collection\":2:{s:8:\"\0*\0items\";a:1:{i:0;O:23:\"Laravel\\Roster\\Approach\":1:{s:11:\"\0*\0approach\";E:38:\"Laravel\\Roster\\Enums\\Approaches:ACTION\";}}s:28:\"\0*\0escapeWhenCastingToString\";b:0;}s:11:\"\0*\0packages\";O:32:\"Laravel\\Roster\\PackageCollection\":2:{s:8:\"\0*\0items\";a:6:{i:0;O:22:\"Laravel\\Roster\\Package\":6:{s:9:\"\0*\0direct\";b:1;s:13:\"\0*\0constraint\";s:5:\"^12.0\";s:10:\"\0*\0package\";E:37:\"Laravel\\Roster\\Enums\\Packages:LARAVEL\";s:14:\"\0*\0packageName\";s:17:\"laravel/framework\";s:10:\"\0*\0version\";s:7:\"12.39.0\";s:6:\"\0*\0dev\";b:0;}i:1;O:22:\"Laravel\\Roster\\Package\":6:{s:9:\"\0*\0direct\";b:0;s:13:\"\0*\0constraint\";s:6:\"v0.3.7\";s:10:\"\0*\0package\";E:37:\"Laravel\\Roster\\Enums\\Packages:PROMPTS\";s:14:\"\0*\0packageName\";s:15:\"laravel/prompts\";s:10:\"\0*\0version\";s:5:\"0.3.7\";s:6:\"\0*\0dev\";b:0;}i:2;O:22:\"Laravel\\Roster\\Package\":6:{s:9:\"\0*\0direct\";b:0;s:13:\"\0*\0constraint\";s:6:\"v0.3.4\";s:10:\"\0*\0package\";E:33:\"Laravel\\Roster\\Enums\\Packages:MCP\";s:14:\"\0*\0packageName\";s:11:\"laravel/mcp\";s:10:\"\0*\0version\";s:5:\"0.3.4\";s:6:\"\0*\0dev\";b:1;}i:3;O:22:\"Laravel\\Roster\\Package\":6:{s:9:\"\0*\0direct\";b:1;s:13:\"\0*\0constraint\";s:5:\"^1.24\";s:10:\"\0*\0package\";E:34:\"Laravel\\Roster\\Enums\\Packages:PINT\";s:14:\"\0*\0packageName\";s:12:\"laravel/pint\";s:10:\"\0*\0version\";s:6:\"1.25.1\";s:6:\"\0*\0dev\";b:1;}i:4;O:22:\"Laravel\\Roster\\Package\":6:{s:9:\"\0*\0direct\";b:1;s:13:\"\0*\0constraint\";s:5:\"^1.41\";s:10:\"\0*\0package\";E:34:\"Laravel\\Roster\\Enums\\Packages:SAIL\";s:14:\"\0*\0packageName\";s:12:\"laravel/sail\";s:10:\"\0*\0version\";s:6:\"1.48.1\";s:6:\"\0*\0dev\";b:1;}i:5;O:22:\"Laravel\\Roster\\Package\":6:{s:9:\"\0*\0direct\";b:1;s:13:\"\0*\0constraint\";s:7:\"^11.5.3\";s:10:\"\0*\0package\";E:37:\"Laravel\\Roster\\Enums\\Packages:PHPUNIT\";s:14:\"\0*\0packageName\";s:15:\"phpunit/phpunit\";s:10:\"\0*\0version\";s:7:\"11.5.44\";s:6:\"\0*\0dev\";b:1;}}s:28:\"\0*\0escapeWhenCastingToString\";b:0;}s:21:\"\0*\0nodePackageManager\";E:43:\"Laravel\\Roster\\Enums\\NodePackageManager:NPM\";}s:9:\"timestamp\";i:1763654963;}', 1763741363);

-- --------------------------------------------------------

--
-- Table structure for table `cache_locks`
--

CREATE TABLE `cache_locks` (
  `key` varchar(255) NOT NULL,
  `owner` varchar(255) NOT NULL,
  `expiration` int(11) NOT NULL
) ENGINE=InnoDB DEFAULT CHARSET=utf8mb4 COLLATE=utf8mb4_unicode_ci;

-- --------------------------------------------------------

--
-- Table structure for table `failed_jobs`
--

CREATE TABLE `failed_jobs` (
  `id` bigint(20) UNSIGNED NOT NULL,
  `uuid` varchar(255) NOT NULL,
  `connection` text NOT NULL,
  `queue` text NOT NULL,
  `payload` longtext NOT NULL,
  `exception` longtext NOT NULL,
  `failed_at` timestamp NOT NULL DEFAULT current_timestamp()
) ENGINE=InnoDB DEFAULT CHARSET=utf8mb4 COLLATE=utf8mb4_unicode_ci;

-- --------------------------------------------------------

--
-- Table structure for table `inventories`
--

CREATE TABLE `inventories` (
  `id` bigint(20) UNSIGNED NOT NULL,
  `product_variant_id` bigint(20) UNSIGNED NOT NULL,
  `quantity` bigint(20) NOT NULL DEFAULT 0,
  `reserved` bigint(20) NOT NULL DEFAULT 0,
  `created_at` timestamp NULL DEFAULT NULL,
  `updated_at` timestamp NULL DEFAULT NULL
) ENGINE=InnoDB DEFAULT CHARSET=utf8mb4 COLLATE=utf8mb4_unicode_ci;

--
-- Dumping data for table `inventories`
--

INSERT INTO `inventories` (`id`, `product_variant_id`, `quantity`, `reserved`, `created_at`, `updated_at`) VALUES
(1, 1, 71, 0, '2025-11-19 15:19:22', '2025-11-19 15:19:22'),
(2, 2, 56, 0, '2025-11-19 15:19:22', '2025-11-19 15:19:22'),
(3, 3, 88, 0, '2025-11-19 15:19:22', '2025-11-19 15:19:22'),
(4, 4, 84, 0, '2025-11-19 15:19:22', '2025-11-19 15:19:22'),
(5, 5, 96, 0, '2025-11-19 15:19:22', '2025-11-19 15:19:22'),
(6, 6, 18, 0, '2025-11-19 15:19:22', '2025-11-19 15:19:22'),
(7, 7, 21, 0, '2025-11-19 15:19:22', '2025-11-19 15:19:22'),
(8, 8, 98, 0, '2025-11-19 15:19:22', '2025-11-19 15:19:22'),
(9, 9, 67, 0, '2025-11-19 15:19:22', '2025-11-19 15:19:22'),
(10, 10, 11, 0, '2025-11-19 15:19:22', '2025-11-20 10:51:59'),
(11, 11, 93, 0, '2025-11-19 15:19:23', '2025-11-19 15:19:23'),
(12, 12, 98, 0, '2025-11-19 15:19:23', '2025-11-19 15:19:23'),
(13, 13, 87, 0, '2025-11-19 15:19:23', '2025-11-19 15:19:23'),
(14, 14, 12, 0, '2025-11-19 15:19:23', '2025-11-19 15:19:23'),
(15, 15, 30, 0, '2025-11-19 15:19:23', '2025-11-20 10:51:59'),
(16, 16, 73, 0, '2025-11-19 15:19:23', '2025-11-19 15:19:23'),
(17, 17, 62, 0, '2025-11-19 15:19:23', '2025-11-19 15:19:23'),
(18, 18, 60, 0, '2025-11-19 15:19:23', '2025-11-19 15:19:23'),
(19, 19, 52, 0, '2025-11-19 15:19:23', '2025-11-19 15:19:23'),
(20, 20, 28, 0, '2025-11-19 15:19:23', '2025-11-19 15:19:23'),
(21, 21, 12, 0, '2025-11-19 15:19:23', '2025-11-19 15:19:23'),
(22, 22, 7, 0, '2025-11-19 15:19:23', '2025-11-19 15:19:23'),
(23, 23, 88, 0, '2025-11-19 15:19:23', '2025-11-19 15:19:23'),
(24, 24, 24, 0, '2025-11-19 15:19:23', '2025-11-19 15:19:23'),
(25, 25, 19, 0, '2025-11-19 15:19:23', '2025-11-19 15:19:23'),
(26, 26, 47, 0, '2025-11-19 15:19:23', '2025-11-19 15:19:23'),
(27, 27, 23, 0, '2025-11-19 15:19:23', '2025-11-19 15:19:23'),
(28, 28, 97, 0, '2025-11-19 15:19:23', '2025-11-19 15:19:23'),
(29, 29, 62, 0, '2025-11-19 15:19:23', '2025-11-19 15:19:23'),
(30, 30, 26, 0, '2025-11-19 15:19:23', '2025-11-19 15:19:23'),
(31, 31, 20, 0, '2025-11-19 15:19:23', '2025-11-19 15:19:23'),
(32, 32, 54, 0, '2025-11-19 15:19:23', '2025-11-19 15:19:23'),
(33, 33, 82, 0, '2025-11-19 15:19:23', '2025-11-19 15:19:23'),
(34, 34, 55, 0, '2025-11-19 15:19:23', '2025-11-19 15:19:23'),
(35, 35, 17, 0, '2025-11-19 15:19:23', '2025-11-19 15:19:23'),
(36, 36, 22, 0, '2025-11-19 15:19:23', '2025-11-19 15:19:23'),
(37, 37, 8, 0, '2025-11-19 15:19:23', '2025-11-19 15:19:23'),
(38, 38, 92, 0, '2025-11-19 15:19:23', '2025-11-19 15:19:23'),
(39, 39, 54, 0, '2025-11-19 15:19:23', '2025-11-19 15:19:23'),
(40, 40, 92, 0, '2025-11-19 15:19:23', '2025-11-19 15:19:23'),
(41, 41, 10, 0, '2025-11-19 15:19:23', '2025-11-19 15:19:23'),
(42, 42, 15, 0, '2025-11-19 15:19:23', '2025-11-19 15:19:23'),
(43, 43, 55, 0, '2025-11-19 15:19:23', '2025-11-19 15:19:23'),
(44, 44, 23, 0, '2025-11-19 15:19:23', '2025-11-19 15:19:23'),
(45, 45, 79, 0, '2025-11-19 15:19:23', '2025-11-19 15:19:23'),
(46, 46, 16, 0, '2025-11-19 15:19:23', '2025-11-19 15:19:23'),
(47, 47, 76, 0, '2025-11-19 15:19:23', '2025-11-19 15:19:23'),
(48, 48, 42, 0, '2025-11-19 15:19:23', '2025-11-19 15:19:23'),
(49, 49, 72, 0, '2025-11-19 15:19:23', '2025-11-19 15:19:23'),
(50, 50, 88, 0, '2025-11-19 15:19:23', '2025-11-19 15:19:23'),
(51, 51, 74, 0, '2025-11-19 15:19:23', '2025-11-19 15:19:23'),
(52, 52, 17, 0, '2025-11-19 15:19:23', '2025-11-19 15:19:23'),
(53, 53, 99, 0, '2025-11-19 15:19:23', '2025-11-19 15:19:23'),
(54, 54, 87, 0, '2025-11-19 15:19:23', '2025-11-19 15:19:23'),
(55, 55, 95, 0, '2025-11-19 15:19:23', '2025-11-19 15:19:23'),
(56, 56, 49, 0, '2025-11-19 15:19:23', '2025-11-19 15:19:23'),
(57, 57, 5, 0, '2025-11-19 15:19:23', '2025-11-19 15:19:23'),
(58, 58, 50, 0, '2025-11-19 15:19:23', '2025-11-19 15:19:23'),
(59, 59, 81, 0, '2025-11-19 15:19:23', '2025-11-19 15:19:23'),
(60, 60, 88, 0, '2025-11-19 15:19:23', '2025-11-19 15:19:23'),
(61, 61, 29, 0, '2025-11-19 15:19:23', '2025-11-19 15:19:23'),
(62, 62, 47, 0, '2025-11-19 15:19:23', '2025-11-19 15:19:23'),
(63, 63, 35, 0, '2025-11-19 15:19:23', '2025-11-19 15:19:23'),
(64, 64, 53, 0, '2025-11-19 15:19:23', '2025-11-19 15:19:23'),
(65, 65, 48, 0, '2025-11-19 15:19:23', '2025-11-19 15:19:23'),
(66, 66, 47, 0, '2025-11-19 15:19:23', '2025-11-19 15:19:23'),
(67, 67, 70, 0, '2025-11-19 15:19:23', '2025-11-19 15:19:23'),
(68, 68, 54, 0, '2025-11-19 15:19:23', '2025-11-19 15:19:23'),
(69, 69, 84, 0, '2025-11-19 15:19:23', '2025-11-19 15:19:23'),
(70, 70, 71, 0, '2025-11-19 15:19:23', '2025-11-19 15:19:23'),
(71, 71, 43, 0, '2025-11-19 15:19:23', '2025-11-19 15:19:23'),
(72, 72, 88, 0, '2025-11-19 15:19:23', '2025-11-19 15:19:23'),
(73, 73, 50, 0, '2025-11-19 15:19:23', '2025-11-19 15:19:23'),
(74, 74, 94, 0, '2025-11-19 15:19:23', '2025-11-19 15:19:23'),
(75, 75, 97, 0, '2025-11-19 15:19:23', '2025-11-19 15:19:23'),
(76, 76, 15, 0, '2025-11-19 15:19:23', '2025-11-19 15:19:23'),
(77, 77, 14, 0, '2025-11-19 15:19:23', '2025-11-19 15:19:23'),
(78, 78, 57, 0, '2025-11-19 15:19:23', '2025-11-19 15:19:23'),
(79, 79, 89, 0, '2025-11-19 15:19:23', '2025-11-19 15:19:23'),
(80, 80, 88, 0, '2025-11-19 15:19:23', '2025-11-19 15:19:23'),
(81, 81, 6, 0, '2025-11-19 15:19:23', '2025-11-19 15:19:23'),
(82, 82, 79, 0, '2025-11-19 15:19:23', '2025-11-19 15:19:23'),
(83, 83, 89, 0, '2025-11-19 15:19:23', '2025-11-19 15:19:23'),
(84, 84, 9, 0, '2025-11-19 15:19:23', '2025-11-19 15:19:23'),
(85, 85, 11, 0, '2025-11-19 15:19:23', '2025-11-19 15:19:23'),
(86, 86, 89, 0, '2025-11-19 15:19:23', '2025-11-19 15:19:23'),
(87, 87, 81, 0, '2025-11-19 15:19:23', '2025-11-19 15:19:23'),
(88, 88, 60, 0, '2025-11-19 15:19:23', '2025-11-19 15:19:23'),
(89, 89, 40, 0, '2025-11-19 15:19:23', '2025-11-19 15:19:23'),
(90, 90, 63, 0, '2025-11-19 15:19:23', '2025-11-19 15:19:23'),
(91, 91, 74, 0, '2025-11-19 15:19:23', '2025-11-19 15:19:23'),
(92, 92, 77, 0, '2025-11-19 15:19:23', '2025-11-19 15:19:23'),
(93, 93, 59, 0, '2025-11-19 15:19:23', '2025-11-19 15:19:23'),
(94, 94, 61, 0, '2025-11-19 15:19:23', '2025-11-19 15:19:23'),
(95, 95, 35, 0, '2025-11-19 15:19:23', '2025-11-19 15:19:23'),
(96, 96, 52, 0, '2025-11-19 15:19:23', '2025-11-19 15:19:23'),
(97, 97, 70, 0, '2025-11-19 15:19:23', '2025-11-19 15:19:23'),
(98, 98, 16, 0, '2025-11-19 15:19:23', '2025-11-19 15:19:23'),
(99, 99, 78, 0, '2025-11-19 15:19:23', '2025-11-19 15:19:23'),
(100, 100, 13, 0, '2025-11-19 15:19:23', '2025-11-19 15:19:23'),
(101, 101, 42, 0, '2025-11-19 15:19:23', '2025-11-19 15:19:23'),
(102, 102, 69, 0, '2025-11-19 15:19:23', '2025-11-19 15:19:23'),
(103, 103, 64, 0, '2025-11-19 15:19:23', '2025-11-19 15:19:23'),
(104, 104, 66, 0, '2025-11-19 15:19:23', '2025-11-19 15:19:23'),
(105, 105, 57, 0, '2025-11-19 15:19:23', '2025-11-19 15:19:23'),
(106, 106, 8, 0, '2025-11-19 15:19:23', '2025-11-19 15:19:23'),
(107, 107, 25, 0, '2025-11-19 15:19:23', '2025-11-19 15:19:23'),
(108, 108, 54, 0, '2025-11-19 15:19:23', '2025-11-19 15:19:23'),
(109, 109, 53, 0, '2025-11-19 15:19:23', '2025-11-19 15:19:23'),
(110, 110, 29, 0, '2025-11-19 15:19:23', '2025-11-19 15:19:23'),
(111, 111, 79, 0, '2025-11-19 15:19:23', '2025-11-19 15:19:23'),
(112, 112, 40, 0, '2025-11-19 15:19:23', '2025-11-19 15:19:23'),
(113, 113, 88, 0, '2025-11-19 15:19:23', '2025-11-19 15:19:23'),
(114, 114, 40, 0, '2025-11-19 15:19:23', '2025-11-19 15:19:23'),
(115, 115, 15, 0, '2025-11-19 15:19:23', '2025-11-19 15:19:23'),
(116, 116, 46, 0, '2025-11-19 15:19:23', '2025-11-19 15:19:23'),
(117, 117, 8, 0, '2025-11-19 15:19:23', '2025-11-19 15:19:23'),
(118, 118, 73, 0, '2025-11-19 15:19:23', '2025-11-19 15:19:23'),
(119, 119, 79, 0, '2025-11-19 15:19:23', '2025-11-19 15:19:23'),
(120, 120, 26, 0, '2025-11-19 15:19:23', '2025-11-19 15:19:23'),
(121, 121, 58, 0, '2025-11-19 15:19:23', '2025-11-19 15:19:23'),
(122, 122, 42, 0, '2025-11-19 15:19:23', '2025-11-19 15:19:23'),
(123, 123, 19, 0, '2025-11-19 15:19:23', '2025-11-19 15:19:23'),
(124, 124, 66, 0, '2025-11-19 15:19:23', '2025-11-19 15:19:23'),
(125, 125, 94, 0, '2025-11-19 15:19:23', '2025-11-19 15:19:23'),
(126, 126, 9, 0, '2025-11-19 15:19:23', '2025-11-19 15:19:23'),
(127, 127, 69, 0, '2025-11-19 15:19:23', '2025-11-19 15:19:23'),
(128, 128, 18, 0, '2025-11-19 15:19:23', '2025-11-19 15:19:23'),
(129, 129, 49, 0, '2025-11-19 15:19:23', '2025-11-19 15:19:23'),
(130, 130, 9, 0, '2025-11-19 15:19:23', '2025-11-19 15:19:23'),
(131, 131, 25, 0, '2025-11-19 15:19:23', '2025-11-19 15:19:23'),
(132, 132, 99, 0, '2025-11-19 15:19:23', '2025-11-19 15:19:23'),
(133, 133, 10, 0, '2025-11-19 15:19:23', '2025-11-19 15:19:23'),
(134, 134, 71, 0, '2025-11-19 15:19:23', '2025-11-19 15:19:23'),
(135, 135, 10, 0, '2025-11-19 15:19:23', '2025-11-19 15:19:23'),
(136, 136, 90, 0, '2025-11-19 15:19:23', '2025-11-19 15:19:23'),
(137, 137, 64, 0, '2025-11-19 15:19:23', '2025-11-19 15:19:23'),
(138, 138, 79, 0, '2025-11-19 15:19:23', '2025-11-19 15:19:23'),
(139, 139, 61, 0, '2025-11-19 15:19:23', '2025-11-19 15:19:23'),
(140, 140, 16, 0, '2025-11-19 15:19:23', '2025-11-19 15:19:23'),
(141, 141, 51, 0, '2025-11-19 15:19:23', '2025-11-19 15:19:23'),
(142, 142, 69, 0, '2025-11-19 15:19:23', '2025-11-19 15:19:23'),
(143, 143, 14, 0, '2025-11-19 15:19:23', '2025-11-19 15:19:23'),
(144, 144, 85, 0, '2025-11-19 15:19:23', '2025-11-19 15:19:23'),
(145, 145, 39, 0, '2025-11-19 15:19:23', '2025-11-19 15:19:23'),
(146, 146, 86, 0, '2025-11-19 15:19:23', '2025-11-19 15:19:23'),
(147, 147, 42, 0, '2025-11-19 15:19:23', '2025-11-19 15:19:23'),
(148, 148, 87, 0, '2025-11-19 15:19:23', '2025-11-19 15:19:23'),
(149, 149, 79, 0, '2025-11-19 15:19:23', '2025-11-19 15:19:23'),
(150, 150, 12, 0, '2025-11-19 15:19:23', '2025-11-19 15:19:23'),
(151, 151, 27, 0, '2025-11-19 15:19:23', '2025-11-19 15:19:23'),
(152, 152, 64, 0, '2025-11-19 15:19:23', '2025-11-19 15:19:23'),
(153, 153, 63, 0, '2025-11-19 15:19:23', '2025-11-19 15:19:23'),
(154, 154, 94, 0, '2025-11-19 15:19:24', '2025-11-19 15:19:24'),
(155, 155, 65, 0, '2025-11-19 15:19:24', '2025-11-19 15:19:24'),
(156, 156, 51, 0, '2025-11-19 15:19:24', '2025-11-19 15:19:24'),
(157, 157, 84, 0, '2025-11-19 15:19:24', '2025-11-19 15:19:24'),
(158, 158, 70, 0, '2025-11-19 15:19:24', '2025-11-19 15:19:24'),
(159, 159, 55, 0, '2025-11-19 15:19:24', '2025-11-19 15:19:24'),
(160, 160, 88, 0, '2025-11-19 15:19:24', '2025-11-19 15:19:24'),
(171, 171, 26, 0, '2025-11-19 15:19:24', '2025-11-19 15:19:24'),
(172, 172, 9, 0, '2025-11-19 15:19:24', '2025-11-19 15:19:24'),
(173, 173, 97, 0, '2025-11-19 15:19:24', '2025-11-19 15:19:24'),
(174, 174, 38, 0, '2025-11-19 15:19:24', '2025-11-19 15:19:24'),
(175, 175, 95, 0, '2025-11-19 15:19:24', '2025-11-19 15:19:24'),
(176, 176, 56, 0, '2025-11-19 15:19:24', '2025-11-19 15:19:24'),
(177, 177, 51, 0, '2025-11-19 15:19:24', '2025-11-19 15:19:24'),
(178, 178, 95, 0, '2025-11-19 15:19:24', '2025-11-19 15:19:24'),
(179, 179, 20, 0, '2025-11-19 15:19:24', '2025-11-19 15:19:24'),
(180, 180, 46, 0, '2025-11-19 15:19:24', '2025-11-19 15:19:24'),
(181, 181, 66, 0, '2025-11-19 15:19:24', '2025-11-19 15:19:24'),
(182, 182, 73, 0, '2025-11-19 15:19:24', '2025-11-19 15:19:24'),
(183, 183, 68, 0, '2025-11-19 15:19:24', '2025-11-19 15:19:24'),
(184, 184, 94, 0, '2025-11-19 15:19:24', '2025-11-19 15:19:24'),
(185, 185, 40, 0, '2025-11-19 15:19:24', '2025-11-19 15:19:24'),
(186, 186, 55, 0, '2025-11-19 15:19:24', '2025-11-19 15:19:24'),
(187, 187, 35, 0, '2025-11-19 15:19:24', '2025-11-19 15:19:24'),
(188, 188, 37, 0, '2025-11-19 15:19:24', '2025-11-19 15:19:24'),
(189, 189, 70, 0, '2025-11-19 15:19:24', '2025-11-19 15:19:24'),
(190, 190, 15, 0, '2025-11-19 15:19:24', '2025-11-19 15:19:24'),
(191, 191, 37, 0, '2025-11-19 15:19:24', '2025-11-19 15:19:24'),
(192, 192, 87, 0, '2025-11-19 15:19:24', '2025-11-19 15:19:24'),
(193, 193, 12, 0, '2025-11-19 15:19:24', '2025-11-19 15:19:24'),
(194, 194, 68, 0, '2025-11-19 15:19:24', '2025-11-19 15:19:24'),
(195, 195, 91, 0, '2025-11-19 15:19:24', '2025-11-19 15:19:24'),
(196, 196, 34, 0, '2025-11-19 15:19:24', '2025-11-19 15:19:24'),
(197, 197, 10, 0, '2025-11-19 15:19:24', '2025-11-19 15:19:24'),
(198, 198, 9, 0, '2025-11-19 15:19:24', '2025-11-19 15:19:24'),
(199, 199, 77, 0, '2025-11-19 15:19:24', '2025-11-19 15:19:24'),
(200, 200, 69, 0, '2025-11-19 15:19:24', '2025-11-19 15:19:24'),
(203, 203, 10, 0, '2025-11-20 06:24:06', '2025-11-20 06:24:06'),
(204, 204, 5, 0, '2025-11-20 06:24:06', '2025-11-20 06:24:06'),
(205, 206, 10, 0, '2025-11-20 06:27:44', '2025-11-20 06:27:44'),
(206, 207, 10, 0, '2025-11-20 06:27:44', '2025-11-20 07:52:40'),
(207, 208, 10, 0, '2025-11-20 07:41:17', '2025-11-20 07:53:02'),
(210, 211, 10, 0, '2025-11-20 08:36:22', '2025-11-20 08:36:22'),
(211, 212, 5, 0, '2025-11-20 08:36:22', '2025-11-20 08:36:22'),
(212, 213, 20, 0, '2025-11-20 08:36:22', '2025-11-20 08:36:22');

-- --------------------------------------------------------

--
-- Table structure for table `jobs`
--

CREATE TABLE `jobs` (
  `id` bigint(20) UNSIGNED NOT NULL,
  `queue` varchar(255) NOT NULL,
  `payload` longtext NOT NULL,
  `attempts` tinyint(3) UNSIGNED NOT NULL,
  `reserved_at` int(10) UNSIGNED DEFAULT NULL,
  `available_at` int(10) UNSIGNED NOT NULL,
  `created_at` int(10) UNSIGNED NOT NULL
) ENGINE=InnoDB DEFAULT CHARSET=utf8mb4 COLLATE=utf8mb4_unicode_ci;

-- --------------------------------------------------------

--
-- Table structure for table `job_batches`
--

CREATE TABLE `job_batches` (
  `id` varchar(255) NOT NULL,
  `name` varchar(255) NOT NULL,
  `total_jobs` int(11) NOT NULL,
  `pending_jobs` int(11) NOT NULL,
  `failed_jobs` int(11) NOT NULL,
  `failed_job_ids` longtext NOT NULL,
  `options` mediumtext DEFAULT NULL,
  `cancelled_at` int(11) DEFAULT NULL,
  `created_at` int(11) NOT NULL,
  `finished_at` int(11) DEFAULT NULL
) ENGINE=InnoDB DEFAULT CHARSET=utf8mb4 COLLATE=utf8mb4_unicode_ci;

-- --------------------------------------------------------

--
-- Table structure for table `low_stock_alerts`
--

CREATE TABLE `low_stock_alerts` (
  `id` bigint(20) UNSIGNED NOT NULL,
  `variant_id` bigint(20) UNSIGNED NOT NULL,
  `sku` varchar(255) NOT NULL,
  `quantity` bigint(20) NOT NULL,
  `created_at` timestamp NULL DEFAULT NULL,
  `updated_at` timestamp NULL DEFAULT NULL
) ENGINE=InnoDB DEFAULT CHARSET=utf8mb4 COLLATE=utf8mb4_unicode_ci;

-- --------------------------------------------------------

--
-- Table structure for table `migrations`
--

CREATE TABLE `migrations` (
  `id` int(10) UNSIGNED NOT NULL,
  `migration` varchar(255) NOT NULL,
  `batch` int(11) NOT NULL
) ENGINE=InnoDB DEFAULT CHARSET=utf8mb4 COLLATE=utf8mb4_unicode_ci;

--
-- Dumping data for table `migrations`
--

INSERT INTO `migrations` (`id`, `migration`, `batch`) VALUES
(1, '0001_01_01_000000_create_users_table', 1),
(2, '0001_01_01_000001_create_cache_table', 1),
(3, '0001_01_01_000002_create_jobs_table', 1),
(4, '2025_11_18_210148_create_roles_table', 1),
(5, '2025_11_18_210307_create_role_user_table', 1),
(6, '2025_11_18_210540_create_products_and_variants', 1),
(7, '2025_11_18_211011_create_orders_table', 1),
(8, '2025_11_18_211054_create_order_items_table', 1),
(9, '2025_11_18_211133_create_refresh_tokens_table', 1),
(10, '2025_11_19_155835_create_low_stock_alerts_table', 2),
(11, '2025_11_19_202232_add_label_to_roles_table', 2);

-- --------------------------------------------------------

--
-- Table structure for table `orders`
--

CREATE TABLE `orders` (
  `id` bigint(20) UNSIGNED NOT NULL,
  `order_number` varchar(255) NOT NULL,
  `user_id` bigint(20) UNSIGNED NOT NULL,
  `status` enum('pending','processing','shipped','delivered','cancelled') NOT NULL DEFAULT 'pending',
  `subtotal` decimal(12,2) NOT NULL,
  `shipping` decimal(12,2) NOT NULL DEFAULT 0.00,
  `total` decimal(12,2) NOT NULL,
  `shipping_address` longtext CHARACTER SET utf8mb4 COLLATE utf8mb4_bin DEFAULT NULL CHECK (json_valid(`shipping_address`)),
  `billing_address` longtext CHARACTER SET utf8mb4 COLLATE utf8mb4_bin DEFAULT NULL CHECK (json_valid(`billing_address`)),
  `created_at` timestamp NULL DEFAULT NULL,
  `updated_at` timestamp NULL DEFAULT NULL
) ENGINE=InnoDB DEFAULT CHARSET=utf8mb4 COLLATE=utf8mb4_unicode_ci;

--
-- Dumping data for table `orders`
--

INSERT INTO `orders` (`id`, `order_number`, `user_id`, `status`, `subtotal`, `shipping`, `total`, `shipping_address`, `billing_address`, `created_at`, `updated_at`) VALUES
(5, '606526', 4, 'processing', 608.58, 100.00, 608.58, NULL, NULL, '2025-11-20 10:47:21', '2025-11-20 10:51:59');

-- --------------------------------------------------------

--
-- Table structure for table `order_items`
--

CREATE TABLE `order_items` (
  `id` bigint(20) UNSIGNED NOT NULL,
  `order_id` bigint(20) UNSIGNED NOT NULL,
  `product_variant_id` bigint(20) UNSIGNED NOT NULL,
  `product_title` varchar(255) NOT NULL,
  `unit_price` decimal(12,2) NOT NULL,
  `quantity` int(10) UNSIGNED NOT NULL,
  `line_total` decimal(12,2) NOT NULL,
  `created_at` timestamp NULL DEFAULT NULL,
  `updated_at` timestamp NULL DEFAULT NULL
) ENGINE=InnoDB DEFAULT CHARSET=utf8mb4 COLLATE=utf8mb4_unicode_ci;

--
-- Dumping data for table `order_items`
--

INSERT INTO `order_items` (`id`, `order_id`, `product_variant_id`, `product_title`, `unit_price`, `quantity`, `line_total`, `created_at`, `updated_at`) VALUES
(3, 5, 10, 'Variant 10', 200.84, 2, 200.84, '2025-11-20 10:47:21', '2025-11-20 10:47:21'),
(4, 5, 15, 'Variant 5', 206.90, 1, 206.90, '2025-11-20 10:47:21', '2025-11-20 10:47:21');

-- --------------------------------------------------------

--
-- Table structure for table `password_reset_tokens`
--

CREATE TABLE `password_reset_tokens` (
  `email` varchar(255) NOT NULL,
  `token` varchar(255) NOT NULL,
  `created_at` timestamp NULL DEFAULT NULL
) ENGINE=InnoDB DEFAULT CHARSET=utf8mb4 COLLATE=utf8mb4_unicode_ci;

-- --------------------------------------------------------

--
-- Table structure for table `products`
--

CREATE TABLE `products` (
  `id` bigint(20) UNSIGNED NOT NULL,
  `sku` varchar(255) NOT NULL,
  `title` varchar(255) NOT NULL,
  `description` text DEFAULT NULL,
  `price` decimal(12,2) NOT NULL,
  `vendor_id` bigint(20) UNSIGNED DEFAULT NULL,
  `active` tinyint(1) NOT NULL DEFAULT 1,
  `meta` longtext CHARACTER SET utf8mb4 COLLATE utf8mb4_bin DEFAULT NULL CHECK (json_valid(`meta`)),
  `created_at` timestamp NULL DEFAULT NULL,
  `updated_at` timestamp NULL DEFAULT NULL
) ENGINE=InnoDB DEFAULT CHARSET=utf8mb4 COLLATE=utf8mb4_unicode_ci;

--
-- Dumping data for table `products`
--

INSERT INTO `products` (`id`, `sku`, `title`, `description`, `price`, `vendor_id`, `active`, `meta`, `created_at`, `updated_at`) VALUES
(1, 'PRODSNX', 'asperiores', 'Magnam unde fuga veritatis non et veritatis.', 155.84, 4, 1, '[]', '2025-11-19 15:19:22', '2025-11-19 15:19:22'),
(2, 'PRODJFT', 'officia', 'Culpa fugit dolorum ab quisquam qui.', 186.90, 4, 1, '[]', '2025-11-19 15:19:22', '2025-11-19 15:19:22'),
(3, 'PRODRZX', 'a', 'Qui id qui voluptatem quidem eaque a vero.', 68.69, 4, 1, '[]', '2025-11-19 15:19:22', '2025-11-19 15:19:22'),
(4, 'PRODRSS', 'vitae', 'Atque aperiam eos aperiam.', 32.13, 4, 1, '[]', '2025-11-19 15:19:22', '2025-11-19 15:19:22'),
(5, 'PRODERP', 'omnis', 'Sequi hic hic sed dolorum esse magnam.', 91.12, 4, 1, '[]', '2025-11-19 15:19:22', '2025-11-19 15:19:22'),
(6, 'PRODZEH', 'ea', 'Error sint qui aut saepe enim optio.', 158.77, 4, 1, '[]', '2025-11-19 15:19:22', '2025-11-19 15:19:22'),
(7, 'PRODWDL', 'dicta', 'Saepe doloribus consequatur autem numquam unde et dicta velit.', 156.34, 4, 1, '[]', '2025-11-19 15:19:22', '2025-11-19 15:19:22'),
(8, 'PRODGQL', 'quasi', 'Officiis accusamus optio quos eveniet.', 75.76, 4, 1, '[]', '2025-11-19 15:19:22', '2025-11-19 15:19:22'),
(9, 'PRODIDG', 'molestias', 'Blanditiis facilis eaque quia quam quos distinctio.', 188.13, 4, 1, '[]', '2025-11-19 15:19:22', '2025-11-19 15:19:22'),
(10, 'PRODZGQ', 'quia', 'Sint quidem qui mollitia perferendis ut.', 18.21, 4, 1, '[]', '2025-11-19 15:19:22', '2025-11-19 15:19:22'),
(11, 'PRODCRM', 'esse', 'Accusamus delectus iste eos voluptates numquam consequatur recusandae.', 72.69, 4, 1, '[]', '2025-11-19 15:19:22', '2025-11-19 15:19:22'),
(12, 'PRODUUJ', 'mollitia', 'Distinctio voluptatum qui quia possimus ab.', 65.04, 4, 1, '[]', '2025-11-19 15:19:22', '2025-11-19 15:19:22'),
(13, 'PRODOKN', 'laborum', 'Est eos enim aperiam officiis sit dolorum.', 34.15, 4, 1, '[]', '2025-11-19 15:19:22', '2025-11-19 15:19:22'),
(14, 'PRODCBW', 'est', 'Laboriosam voluptas tenetur itaque sit sit nulla quia vel.', 152.61, 4, 1, '[]', '2025-11-19 15:19:22', '2025-11-19 15:19:22'),
(15, 'PRODULC', 'quod', 'Aut laudantium harum sed vero dolorum.', 94.82, 4, 1, '[]', '2025-11-19 15:19:22', '2025-11-19 15:19:22'),
(16, 'PRODVHS', 'placeat', 'At repellendus vel ipsam odit eum molestias repellat.', 66.05, 4, 1, '[]', '2025-11-19 15:19:22', '2025-11-19 15:19:22'),
(18, 'PRODKSV', 'Adidas UltraBoost Updated', 'Updated premium running shoe', 160.00, 4, 1, '[]', '2025-11-19 15:19:22', '2025-11-20 07:31:07'),
(19, 'PRODHGD', 'eos', 'Soluta rerum explicabo sunt voluptatem.', 14.94, 4, 1, '[]', '2025-11-19 15:19:22', '2025-11-19 15:19:22'),
(20, 'PRODSAX', 'nemo', 'Nemo ratione ea sint sit quia aut tempore.', 152.54, 4, 1, '[]', '2025-11-19 15:19:22', '2025-11-19 15:19:22'),
(24, 'GHSKKKSS', 'Nike Air Zoom', NULL, 199.00, 4, 1, NULL, '2025-11-20 06:24:06', '2025-11-20 06:24:06'),
(26, 'GHSKKKSSZZ', 'Nike Air Zoom', 'Running shoe', 1990.00, 4, 1, NULL, '2025-11-20 06:27:44', '2025-11-20 06:27:44'),
(27, 'KLKJKKK', 'Shoe A', 'Running shoe', 100.00, 4, 1, NULL, '2025-11-20 08:36:22', '2025-11-20 08:36:22'),
(28, 'OSOSOOO', 'Shirt B', 'Cotton shirt', 50.00, 4, 1, NULL, '2025-11-20 08:36:22', '2025-11-20 08:36:22');

-- --------------------------------------------------------

--
-- Table structure for table `product_variants`
--

CREATE TABLE `product_variants` (
  `id` bigint(20) UNSIGNED NOT NULL,
  `product_id` bigint(20) UNSIGNED NOT NULL,
  `sku` varchar(255) NOT NULL,
  `name` varchar(255) NOT NULL,
  `price` decimal(12,2) DEFAULT NULL,
  `position` int(11) NOT NULL DEFAULT 0,
  `metadata` longtext CHARACTER SET utf8mb4 COLLATE utf8mb4_bin DEFAULT NULL CHECK (json_valid(`metadata`)),
  `created_at` timestamp NULL DEFAULT NULL,
  `updated_at` timestamp NULL DEFAULT NULL
) ENGINE=InnoDB DEFAULT CHARSET=utf8mb4 COLLATE=utf8mb4_unicode_ci;

--
-- Dumping data for table `product_variants`
--

INSERT INTO `product_variants` (`id`, `product_id`, `sku`, `name`, `price`, `position`, `metadata`, `created_at`, `updated_at`) VALUES
(1, 1, 'PRODSNX-1', 'Variant 1', 155.84, 0, NULL, '2025-11-19 15:19:22', '2025-11-19 15:19:22'),
(2, 1, 'PRODSNX-2', 'Variant 2', 160.84, 0, NULL, '2025-11-19 15:19:22', '2025-11-19 15:19:22'),
(3, 1, 'PRODSNX-3', 'Variant 3', 165.84, 0, NULL, '2025-11-19 15:19:22', '2025-11-19 15:19:22'),
(4, 1, 'PRODSNX-4', 'Variant 4', 170.84, 0, NULL, '2025-11-19 15:19:22', '2025-11-19 15:19:22'),
(5, 1, 'PRODSNX-5', 'Variant 5', 175.84, 0, NULL, '2025-11-19 15:19:22', '2025-11-19 15:19:22'),
(6, 1, 'PRODSNX-6', 'Variant 6', 180.84, 0, NULL, '2025-11-19 15:19:22', '2025-11-19 15:19:22'),
(7, 1, 'PRODSNX-7', 'Variant 7', 185.84, 0, NULL, '2025-11-19 15:19:22', '2025-11-19 15:19:22'),
(8, 1, 'PRODSNX-8', 'Variant 8', 190.84, 0, NULL, '2025-11-19 15:19:22', '2025-11-19 15:19:22'),
(9, 1, 'PRODSNX-9', 'Variant 9', 195.84, 0, NULL, '2025-11-19 15:19:22', '2025-11-19 15:19:22'),
(10, 1, 'PRODSNX-10', 'Variant 10', 200.84, 0, NULL, '2025-11-19 15:19:22', '2025-11-19 15:19:22'),
(11, 2, 'PRODJFT-1', 'Variant 1', 186.90, 0, NULL, '2025-11-19 15:19:23', '2025-11-19 15:19:23'),
(12, 2, 'PRODJFT-2', 'Variant 2', 191.90, 0, NULL, '2025-11-19 15:19:23', '2025-11-19 15:19:23'),
(13, 2, 'PRODJFT-3', 'Variant 3', 196.90, 0, NULL, '2025-11-19 15:19:23', '2025-11-19 15:19:23'),
(14, 2, 'PRODJFT-4', 'Variant 4', 201.90, 0, NULL, '2025-11-19 15:19:23', '2025-11-19 15:19:23'),
(15, 2, 'PRODJFT-5', 'Variant 5', 206.90, 0, NULL, '2025-11-19 15:19:23', '2025-11-19 15:19:23'),
(16, 2, 'PRODJFT-6', 'Variant 6', 211.90, 0, NULL, '2025-11-19 15:19:23', '2025-11-19 15:19:23'),
(17, 2, 'PRODJFT-7', 'Variant 7', 216.90, 0, NULL, '2025-11-19 15:19:23', '2025-11-19 15:19:23'),
(18, 2, 'PRODJFT-8', 'Variant 8', 221.90, 0, NULL, '2025-11-19 15:19:23', '2025-11-19 15:19:23'),
(19, 2, 'PRODJFT-9', 'Variant 9', 226.90, 0, NULL, '2025-11-19 15:19:23', '2025-11-19 15:19:23'),
(20, 2, 'PRODJFT-10', 'Variant 10', 231.90, 0, NULL, '2025-11-19 15:19:23', '2025-11-19 15:19:23'),
(21, 3, 'PRODRZX-1', 'Variant 1', 68.69, 0, NULL, '2025-11-19 15:19:23', '2025-11-19 15:19:23'),
(22, 3, 'PRODRZX-2', 'Variant 2', 73.69, 0, NULL, '2025-11-19 15:19:23', '2025-11-19 15:19:23'),
(23, 3, 'PRODRZX-3', 'Variant 3', 78.69, 0, NULL, '2025-11-19 15:19:23', '2025-11-19 15:19:23'),
(24, 3, 'PRODRZX-4', 'Variant 4', 83.69, 0, NULL, '2025-11-19 15:19:23', '2025-11-19 15:19:23'),
(25, 3, 'PRODRZX-5', 'Variant 5', 88.69, 0, NULL, '2025-11-19 15:19:23', '2025-11-19 15:19:23'),
(26, 3, 'PRODRZX-6', 'Variant 6', 93.69, 0, NULL, '2025-11-19 15:19:23', '2025-11-19 15:19:23'),
(27, 3, 'PRODRZX-7', 'Variant 7', 98.69, 0, NULL, '2025-11-19 15:19:23', '2025-11-19 15:19:23'),
(28, 3, 'PRODRZX-8', 'Variant 8', 103.69, 0, NULL, '2025-11-19 15:19:23', '2025-11-19 15:19:23'),
(29, 3, 'PRODRZX-9', 'Variant 9', 108.69, 0, NULL, '2025-11-19 15:19:23', '2025-11-19 15:19:23'),
(30, 3, 'PRODRZX-10', 'Variant 10', 113.69, 0, NULL, '2025-11-19 15:19:23', '2025-11-19 15:19:23'),
(31, 4, 'PRODRSS-1', 'Variant 1', 32.13, 0, NULL, '2025-11-19 15:19:23', '2025-11-19 15:19:23'),
(32, 4, 'PRODRSS-2', 'Variant 2', 37.13, 0, NULL, '2025-11-19 15:19:23', '2025-11-19 15:19:23'),
(33, 4, 'PRODRSS-3', 'Variant 3', 42.13, 0, NULL, '2025-11-19 15:19:23', '2025-11-19 15:19:23'),
(34, 4, 'PRODRSS-4', 'Variant 4', 47.13, 0, NULL, '2025-11-19 15:19:23', '2025-11-19 15:19:23'),
(35, 4, 'PRODRSS-5', 'Variant 5', 52.13, 0, NULL, '2025-11-19 15:19:23', '2025-11-19 15:19:23'),
(36, 4, 'PRODRSS-6', 'Variant 6', 57.13, 0, NULL, '2025-11-19 15:19:23', '2025-11-19 15:19:23'),
(37, 4, 'PRODRSS-7', 'Variant 7', 62.13, 0, NULL, '2025-11-19 15:19:23', '2025-11-19 15:19:23'),
(38, 4, 'PRODRSS-8', 'Variant 8', 67.13, 0, NULL, '2025-11-19 15:19:23', '2025-11-19 15:19:23'),
(39, 4, 'PRODRSS-9', 'Variant 9', 72.13, 0, NULL, '2025-11-19 15:19:23', '2025-11-19 15:19:23'),
(40, 4, 'PRODRSS-10', 'Variant 10', 77.13, 0, NULL, '2025-11-19 15:19:23', '2025-11-19 15:19:23'),
(41, 5, 'PRODERP-1', 'Variant 1', 91.12, 0, NULL, '2025-11-19 15:19:23', '2025-11-19 15:19:23'),
(42, 5, 'PRODERP-2', 'Variant 2', 96.12, 0, NULL, '2025-11-19 15:19:23', '2025-11-19 15:19:23'),
(43, 5, 'PRODERP-3', 'Variant 3', 101.12, 0, NULL, '2025-11-19 15:19:23', '2025-11-19 15:19:23'),
(44, 5, 'PRODERP-4', 'Variant 4', 106.12, 0, NULL, '2025-11-19 15:19:23', '2025-11-19 15:19:23'),
(45, 5, 'PRODERP-5', 'Variant 5', 111.12, 0, NULL, '2025-11-19 15:19:23', '2025-11-19 15:19:23'),
(46, 5, 'PRODERP-6', 'Variant 6', 116.12, 0, NULL, '2025-11-19 15:19:23', '2025-11-19 15:19:23'),
(47, 5, 'PRODERP-7', 'Variant 7', 121.12, 0, NULL, '2025-11-19 15:19:23', '2025-11-19 15:19:23'),
(48, 5, 'PRODERP-8', 'Variant 8', 126.12, 0, NULL, '2025-11-19 15:19:23', '2025-11-19 15:19:23'),
(49, 5, 'PRODERP-9', 'Variant 9', 131.12, 0, NULL, '2025-11-19 15:19:23', '2025-11-19 15:19:23'),
(50, 5, 'PRODERP-10', 'Variant 10', 136.12, 0, NULL, '2025-11-19 15:19:23', '2025-11-19 15:19:23'),
(51, 6, 'PRODZEH-1', 'Variant 1', 158.77, 0, NULL, '2025-11-19 15:19:23', '2025-11-19 15:19:23'),
(52, 6, 'PRODZEH-2', 'Variant 2', 163.77, 0, NULL, '2025-11-19 15:19:23', '2025-11-19 15:19:23'),
(53, 6, 'PRODZEH-3', 'Variant 3', 168.77, 0, NULL, '2025-11-19 15:19:23', '2025-11-19 15:19:23'),
(54, 6, 'PRODZEH-4', 'Variant 4', 173.77, 0, NULL, '2025-11-19 15:19:23', '2025-11-19 15:19:23'),
(55, 6, 'PRODZEH-5', 'Variant 5', 178.77, 0, NULL, '2025-11-19 15:19:23', '2025-11-19 15:19:23'),
(56, 6, 'PRODZEH-6', 'Variant 6', 183.77, 0, NULL, '2025-11-19 15:19:23', '2025-11-19 15:19:23'),
(57, 6, 'PRODZEH-7', 'Variant 7', 188.77, 0, NULL, '2025-11-19 15:19:23', '2025-11-19 15:19:23'),
(58, 6, 'PRODZEH-8', 'Variant 8', 193.77, 0, NULL, '2025-11-19 15:19:23', '2025-11-19 15:19:23'),
(59, 6, 'PRODZEH-9', 'Variant 9', 198.77, 0, NULL, '2025-11-19 15:19:23', '2025-11-19 15:19:23'),
(60, 6, 'PRODZEH-10', 'Variant 10', 203.77, 0, NULL, '2025-11-19 15:19:23', '2025-11-19 15:19:23'),
(61, 7, 'PRODWDL-1', 'Variant 1', 156.34, 0, NULL, '2025-11-19 15:19:23', '2025-11-19 15:19:23'),
(62, 7, 'PRODWDL-2', 'Variant 2', 161.34, 0, NULL, '2025-11-19 15:19:23', '2025-11-19 15:19:23'),
(63, 7, 'PRODWDL-3', 'Variant 3', 166.34, 0, NULL, '2025-11-19 15:19:23', '2025-11-19 15:19:23'),
(64, 7, 'PRODWDL-4', 'Variant 4', 171.34, 0, NULL, '2025-11-19 15:19:23', '2025-11-19 15:19:23'),
(65, 7, 'PRODWDL-5', 'Variant 5', 176.34, 0, NULL, '2025-11-19 15:19:23', '2025-11-19 15:19:23'),
(66, 7, 'PRODWDL-6', 'Variant 6', 181.34, 0, NULL, '2025-11-19 15:19:23', '2025-11-19 15:19:23'),
(67, 7, 'PRODWDL-7', 'Variant 7', 186.34, 0, NULL, '2025-11-19 15:19:23', '2025-11-19 15:19:23'),
(68, 7, 'PRODWDL-8', 'Variant 8', 191.34, 0, NULL, '2025-11-19 15:19:23', '2025-11-19 15:19:23'),
(69, 7, 'PRODWDL-9', 'Variant 9', 196.34, 0, NULL, '2025-11-19 15:19:23', '2025-11-19 15:19:23'),
(70, 7, 'PRODWDL-10', 'Variant 10', 201.34, 0, NULL, '2025-11-19 15:19:23', '2025-11-19 15:19:23'),
(71, 8, 'PRODGQL-1', 'Variant 1', 75.76, 0, NULL, '2025-11-19 15:19:23', '2025-11-19 15:19:23'),
(72, 8, 'PRODGQL-2', 'Variant 2', 80.76, 0, NULL, '2025-11-19 15:19:23', '2025-11-19 15:19:23'),
(73, 8, 'PRODGQL-3', 'Variant 3', 85.76, 0, NULL, '2025-11-19 15:19:23', '2025-11-19 15:19:23'),
(74, 8, 'PRODGQL-4', 'Variant 4', 90.76, 0, NULL, '2025-11-19 15:19:23', '2025-11-19 15:19:23'),
(75, 8, 'PRODGQL-5', 'Variant 5', 95.76, 0, NULL, '2025-11-19 15:19:23', '2025-11-19 15:19:23'),
(76, 8, 'PRODGQL-6', 'Variant 6', 100.76, 0, NULL, '2025-11-19 15:19:23', '2025-11-19 15:19:23'),
(77, 8, 'PRODGQL-7', 'Variant 7', 105.76, 0, NULL, '2025-11-19 15:19:23', '2025-11-19 15:19:23'),
(78, 8, 'PRODGQL-8', 'Variant 8', 110.76, 0, NULL, '2025-11-19 15:19:23', '2025-11-19 15:19:23'),
(79, 8, 'PRODGQL-9', 'Variant 9', 115.76, 0, NULL, '2025-11-19 15:19:23', '2025-11-19 15:19:23'),
(80, 8, 'PRODGQL-10', 'Variant 10', 120.76, 0, NULL, '2025-11-19 15:19:23', '2025-11-19 15:19:23'),
(81, 9, 'PRODIDG-1', 'Variant 1', 188.13, 0, NULL, '2025-11-19 15:19:23', '2025-11-19 15:19:23'),
(82, 9, 'PRODIDG-2', 'Variant 2', 193.13, 0, NULL, '2025-11-19 15:19:23', '2025-11-19 15:19:23'),
(83, 9, 'PRODIDG-3', 'Variant 3', 198.13, 0, NULL, '2025-11-19 15:19:23', '2025-11-19 15:19:23'),
(84, 9, 'PRODIDG-4', 'Variant 4', 203.13, 0, NULL, '2025-11-19 15:19:23', '2025-11-19 15:19:23'),
(85, 9, 'PRODIDG-5', 'Variant 5', 208.13, 0, NULL, '2025-11-19 15:19:23', '2025-11-19 15:19:23'),
(86, 9, 'PRODIDG-6', 'Variant 6', 213.13, 0, NULL, '2025-11-19 15:19:23', '2025-11-19 15:19:23'),
(87, 9, 'PRODIDG-7', 'Variant 7', 218.13, 0, NULL, '2025-11-19 15:19:23', '2025-11-19 15:19:23'),
(88, 9, 'PRODIDG-8', 'Variant 8', 223.13, 0, NULL, '2025-11-19 15:19:23', '2025-11-19 15:19:23'),
(89, 9, 'PRODIDG-9', 'Variant 9', 228.13, 0, NULL, '2025-11-19 15:19:23', '2025-11-19 15:19:23'),
(90, 9, 'PRODIDG-10', 'Variant 10', 233.13, 0, NULL, '2025-11-19 15:19:23', '2025-11-19 15:19:23'),
(91, 10, 'PRODZGQ-1', 'Variant 1', 18.21, 0, NULL, '2025-11-19 15:19:23', '2025-11-19 15:19:23'),
(92, 10, 'PRODZGQ-2', 'Variant 2', 23.21, 0, NULL, '2025-11-19 15:19:23', '2025-11-19 15:19:23'),
(93, 10, 'PRODZGQ-3', 'Variant 3', 28.21, 0, NULL, '2025-11-19 15:19:23', '2025-11-19 15:19:23'),
(94, 10, 'PRODZGQ-4', 'Variant 4', 33.21, 0, NULL, '2025-11-19 15:19:23', '2025-11-19 15:19:23'),
(95, 10, 'PRODZGQ-5', 'Variant 5', 38.21, 0, NULL, '2025-11-19 15:19:23', '2025-11-19 15:19:23'),
(96, 10, 'PRODZGQ-6', 'Variant 6', 43.21, 0, NULL, '2025-11-19 15:19:23', '2025-11-19 15:19:23'),
(97, 10, 'PRODZGQ-7', 'Variant 7', 48.21, 0, NULL, '2025-11-19 15:19:23', '2025-11-19 15:19:23'),
(98, 10, 'PRODZGQ-8', 'Variant 8', 53.21, 0, NULL, '2025-11-19 15:19:23', '2025-11-19 15:19:23'),
(99, 10, 'PRODZGQ-9', 'Variant 9', 58.21, 0, NULL, '2025-11-19 15:19:23', '2025-11-19 15:19:23'),
(100, 10, 'PRODZGQ-10', 'Variant 10', 63.21, 0, NULL, '2025-11-19 15:19:23', '2025-11-19 15:19:23'),
(101, 11, 'PRODCRM-1', 'Variant 1', 72.69, 0, NULL, '2025-11-19 15:19:23', '2025-11-19 15:19:23'),
(102, 11, 'PRODCRM-2', 'Variant 2', 77.69, 0, NULL, '2025-11-19 15:19:23', '2025-11-19 15:19:23'),
(103, 11, 'PRODCRM-3', 'Variant 3', 82.69, 0, NULL, '2025-11-19 15:19:23', '2025-11-19 15:19:23'),
(104, 11, 'PRODCRM-4', 'Variant 4', 87.69, 0, NULL, '2025-11-19 15:19:23', '2025-11-19 15:19:23'),
(105, 11, 'PRODCRM-5', 'Variant 5', 92.69, 0, NULL, '2025-11-19 15:19:23', '2025-11-19 15:19:23'),
(106, 11, 'PRODCRM-6', 'Variant 6', 97.69, 0, NULL, '2025-11-19 15:19:23', '2025-11-19 15:19:23'),
(107, 11, 'PRODCRM-7', 'Variant 7', 102.69, 0, NULL, '2025-11-19 15:19:23', '2025-11-19 15:19:23'),
(108, 11, 'PRODCRM-8', 'Variant 8', 107.69, 0, NULL, '2025-11-19 15:19:23', '2025-11-19 15:19:23'),
(109, 11, 'PRODCRM-9', 'Variant 9', 112.69, 0, NULL, '2025-11-19 15:19:23', '2025-11-19 15:19:23'),
(110, 11, 'PRODCRM-10', 'Variant 10', 117.69, 0, NULL, '2025-11-19 15:19:23', '2025-11-19 15:19:23'),
(111, 12, 'PRODUUJ-1', 'Variant 1', 65.04, 0, NULL, '2025-11-19 15:19:23', '2025-11-19 15:19:23'),
(112, 12, 'PRODUUJ-2', 'Variant 2', 70.04, 0, NULL, '2025-11-19 15:19:23', '2025-11-19 15:19:23'),
(113, 12, 'PRODUUJ-3', 'Variant 3', 75.04, 0, NULL, '2025-11-19 15:19:23', '2025-11-19 15:19:23'),
(114, 12, 'PRODUUJ-4', 'Variant 4', 80.04, 0, NULL, '2025-11-19 15:19:23', '2025-11-19 15:19:23'),
(115, 12, 'PRODUUJ-5', 'Variant 5', 85.04, 0, NULL, '2025-11-19 15:19:23', '2025-11-19 15:19:23'),
(116, 12, 'PRODUUJ-6', 'Variant 6', 90.04, 0, NULL, '2025-11-19 15:19:23', '2025-11-19 15:19:23'),
(117, 12, 'PRODUUJ-7', 'Variant 7', 95.04, 0, NULL, '2025-11-19 15:19:23', '2025-11-19 15:19:23'),
(118, 12, 'PRODUUJ-8', 'Variant 8', 100.04, 0, NULL, '2025-11-19 15:19:23', '2025-11-19 15:19:23'),
(119, 12, 'PRODUUJ-9', 'Variant 9', 105.04, 0, NULL, '2025-11-19 15:19:23', '2025-11-19 15:19:23'),
(120, 12, 'PRODUUJ-10', 'Variant 10', 110.04, 0, NULL, '2025-11-19 15:19:23', '2025-11-19 15:19:23'),
(121, 13, 'PRODOKN-1', 'Variant 1', 34.15, 0, NULL, '2025-11-19 15:19:23', '2025-11-19 15:19:23'),
(122, 13, 'PRODOKN-2', 'Variant 2', 39.15, 0, NULL, '2025-11-19 15:19:23', '2025-11-19 15:19:23'),
(123, 13, 'PRODOKN-3', 'Variant 3', 44.15, 0, NULL, '2025-11-19 15:19:23', '2025-11-19 15:19:23'),
(124, 13, 'PRODOKN-4', 'Variant 4', 49.15, 0, NULL, '2025-11-19 15:19:23', '2025-11-19 15:19:23'),
(125, 13, 'PRODOKN-5', 'Variant 5', 54.15, 0, NULL, '2025-11-19 15:19:23', '2025-11-19 15:19:23'),
(126, 13, 'PRODOKN-6', 'Variant 6', 59.15, 0, NULL, '2025-11-19 15:19:23', '2025-11-19 15:19:23'),
(127, 13, 'PRODOKN-7', 'Variant 7', 64.15, 0, NULL, '2025-11-19 15:19:23', '2025-11-19 15:19:23'),
(128, 13, 'PRODOKN-8', 'Variant 8', 69.15, 0, NULL, '2025-11-19 15:19:23', '2025-11-19 15:19:23'),
(129, 13, 'PRODOKN-9', 'Variant 9', 74.15, 0, NULL, '2025-11-19 15:19:23', '2025-11-19 15:19:23'),
(130, 13, 'PRODOKN-10', 'Variant 10', 79.15, 0, NULL, '2025-11-19 15:19:23', '2025-11-19 15:19:23'),
(131, 14, 'PRODCBW-1', 'Variant 1', 152.61, 0, NULL, '2025-11-19 15:19:23', '2025-11-19 15:19:23'),
(132, 14, 'PRODCBW-2', 'Variant 2', 157.61, 0, NULL, '2025-11-19 15:19:23', '2025-11-19 15:19:23'),
(133, 14, 'PRODCBW-3', 'Variant 3', 162.61, 0, NULL, '2025-11-19 15:19:23', '2025-11-19 15:19:23'),
(134, 14, 'PRODCBW-4', 'Variant 4', 167.61, 0, NULL, '2025-11-19 15:19:23', '2025-11-19 15:19:23'),
(135, 14, 'PRODCBW-5', 'Variant 5', 172.61, 0, NULL, '2025-11-19 15:19:23', '2025-11-19 15:19:23'),
(136, 14, 'PRODCBW-6', 'Variant 6', 177.61, 0, NULL, '2025-11-19 15:19:23', '2025-11-19 15:19:23'),
(137, 14, 'PRODCBW-7', 'Variant 7', 182.61, 0, NULL, '2025-11-19 15:19:23', '2025-11-19 15:19:23'),
(138, 14, 'PRODCBW-8', 'Variant 8', 187.61, 0, NULL, '2025-11-19 15:19:23', '2025-11-19 15:19:23'),
(139, 14, 'PRODCBW-9', 'Variant 9', 192.61, 0, NULL, '2025-11-19 15:19:23', '2025-11-19 15:19:23'),
(140, 14, 'PRODCBW-10', 'Variant 10', 197.61, 0, NULL, '2025-11-19 15:19:23', '2025-11-19 15:19:23'),
(141, 15, 'PRODULC-1', 'Variant 1', 94.82, 0, NULL, '2025-11-19 15:19:23', '2025-11-19 15:19:23'),
(142, 15, 'PRODULC-2', 'Variant 2', 99.82, 0, NULL, '2025-11-19 15:19:23', '2025-11-19 15:19:23'),
(143, 15, 'PRODULC-3', 'Variant 3', 104.82, 0, NULL, '2025-11-19 15:19:23', '2025-11-19 15:19:23'),
(144, 15, 'PRODULC-4', 'Variant 4', 109.82, 0, NULL, '2025-11-19 15:19:23', '2025-11-19 15:19:23'),
(145, 15, 'PRODULC-5', 'Variant 5', 114.82, 0, NULL, '2025-11-19 15:19:23', '2025-11-19 15:19:23'),
(146, 15, 'PRODULC-6', 'Variant 6', 119.82, 0, NULL, '2025-11-19 15:19:23', '2025-11-19 15:19:23'),
(147, 15, 'PRODULC-7', 'Variant 7', 124.82, 0, NULL, '2025-11-19 15:19:23', '2025-11-19 15:19:23'),
(148, 15, 'PRODULC-8', 'Variant 8', 129.82, 0, NULL, '2025-11-19 15:19:23', '2025-11-19 15:19:23'),
(149, 15, 'PRODULC-9', 'Variant 9', 134.82, 0, NULL, '2025-11-19 15:19:23', '2025-11-19 15:19:23'),
(150, 15, 'PRODULC-10', 'Variant 10', 139.82, 0, NULL, '2025-11-19 15:19:23', '2025-11-19 15:19:23'),
(151, 16, 'PRODVHS-1', 'Variant 1', 66.05, 0, NULL, '2025-11-19 15:19:23', '2025-11-19 15:19:23'),
(152, 16, 'PRODVHS-2', 'Variant 2', 71.05, 0, NULL, '2025-11-19 15:19:23', '2025-11-19 15:19:23'),
(153, 16, 'PRODVHS-3', 'Variant 3', 76.05, 0, NULL, '2025-11-19 15:19:23', '2025-11-19 15:19:23'),
(154, 16, 'PRODVHS-4', 'Variant 4', 81.05, 0, NULL, '2025-11-19 15:19:23', '2025-11-19 15:19:23'),
(155, 16, 'PRODVHS-5', 'Variant 5', 86.05, 0, NULL, '2025-11-19 15:19:24', '2025-11-19 15:19:24'),
(156, 16, 'PRODVHS-6', 'Variant 6', 91.05, 0, NULL, '2025-11-19 15:19:24', '2025-11-19 15:19:24'),
(157, 16, 'PRODVHS-7', 'Variant 7', 96.05, 0, NULL, '2025-11-19 15:19:24', '2025-11-19 15:19:24'),
(158, 16, 'PRODVHS-8', 'Variant 8', 101.05, 0, NULL, '2025-11-19 15:19:24', '2025-11-19 15:19:24'),
(159, 16, 'PRODVHS-9', 'Variant 9', 106.05, 0, NULL, '2025-11-19 15:19:24', '2025-11-19 15:19:24'),
(160, 16, 'PRODVHS-10', 'Variant 10', 111.05, 0, NULL, '2025-11-19 15:19:24', '2025-11-19 15:19:24'),
(171, 18, 'PRODKSV-1', 'Variant 1', 104.06, 0, NULL, '2025-11-19 15:19:24', '2025-11-19 15:19:24'),
(172, 18, 'PRODKSV-2', 'Variant 2', 109.06, 0, NULL, '2025-11-19 15:19:24', '2025-11-19 15:19:24'),
(173, 18, 'PRODKSV-3', 'Variant 3', 114.06, 0, NULL, '2025-11-19 15:19:24', '2025-11-19 15:19:24'),
(174, 18, 'PRODKSV-4', 'Variant 4', 119.06, 0, NULL, '2025-11-19 15:19:24', '2025-11-19 15:19:24'),
(175, 18, 'PRODKSV-5', 'Variant 5', 124.06, 0, NULL, '2025-11-19 15:19:24', '2025-11-19 15:19:24'),
(176, 18, 'PRODKSV-6', 'Variant 6', 129.06, 0, NULL, '2025-11-19 15:19:24', '2025-11-19 15:19:24'),
(177, 18, 'PRODKSV-7', 'Variant 7', 134.06, 0, NULL, '2025-11-19 15:19:24', '2025-11-19 15:19:24'),
(178, 18, 'PRODKSV-8', 'Variant 8', 139.06, 0, NULL, '2025-11-19 15:19:24', '2025-11-19 15:19:24'),
(179, 18, 'PRODKSV-9', 'Variant 9', 144.06, 0, NULL, '2025-11-19 15:19:24', '2025-11-19 15:19:24'),
(180, 18, 'PRODKSV-10', 'Variant 10', 149.06, 0, NULL, '2025-11-19 15:19:24', '2025-11-19 15:19:24'),
(181, 19, 'PRODHGD-1', 'Variant 1', 14.94, 0, NULL, '2025-11-19 15:19:24', '2025-11-19 15:19:24'),
(182, 19, 'PRODHGD-2', 'Variant 2', 19.94, 0, NULL, '2025-11-19 15:19:24', '2025-11-19 15:19:24'),
(183, 19, 'PRODHGD-3', 'Variant 3', 24.94, 0, NULL, '2025-11-19 15:19:24', '2025-11-19 15:19:24'),
(184, 19, 'PRODHGD-4', 'Variant 4', 29.94, 0, NULL, '2025-11-19 15:19:24', '2025-11-19 15:19:24'),
(185, 19, 'PRODHGD-5', 'Variant 5', 34.94, 0, NULL, '2025-11-19 15:19:24', '2025-11-19 15:19:24'),
(186, 19, 'PRODHGD-6', 'Variant 6', 39.94, 0, NULL, '2025-11-19 15:19:24', '2025-11-19 15:19:24'),
(187, 19, 'PRODHGD-7', 'Variant 7', 44.94, 0, NULL, '2025-11-19 15:19:24', '2025-11-19 15:19:24'),
(188, 19, 'PRODHGD-8', 'Variant 8', 49.94, 0, NULL, '2025-11-19 15:19:24', '2025-11-19 15:19:24'),
(189, 19, 'PRODHGD-9', 'Variant 9', 54.94, 0, NULL, '2025-11-19 15:19:24', '2025-11-19 15:19:24'),
(190, 19, 'PRODHGD-10', 'Variant 10', 59.94, 0, NULL, '2025-11-19 15:19:24', '2025-11-19 15:19:24'),
(191, 20, 'PRODSAX-1', 'Variant 1', 152.54, 0, NULL, '2025-11-19 15:19:24', '2025-11-19 15:19:24'),
(192, 20, 'PRODSAX-2', 'Variant 2', 157.54, 0, NULL, '2025-11-19 15:19:24', '2025-11-19 15:19:24'),
(193, 20, 'PRODSAX-3', 'Variant 3', 162.54, 0, NULL, '2025-11-19 15:19:24', '2025-11-19 15:19:24'),
(194, 20, 'PRODSAX-4', 'Variant 4', 167.54, 0, NULL, '2025-11-19 15:19:24', '2025-11-19 15:19:24'),
(195, 20, 'PRODSAX-5', 'Variant 5', 172.54, 0, NULL, '2025-11-19 15:19:24', '2025-11-19 15:19:24'),
(196, 20, 'PRODSAX-6', 'Variant 6', 177.54, 0, NULL, '2025-11-19 15:19:24', '2025-11-19 15:19:24'),
(197, 20, 'PRODSAX-7', 'Variant 7', 182.54, 0, NULL, '2025-11-19 15:19:24', '2025-11-19 15:19:24'),
(198, 20, 'PRODSAX-8', 'Variant 8', 187.54, 0, NULL, '2025-11-19 15:19:24', '2025-11-19 15:19:24'),
(199, 20, 'PRODSAX-9', 'Variant 9', 192.54, 0, NULL, '2025-11-19 15:19:24', '2025-11-19 15:19:24'),
(200, 20, 'PRODSAX-10', 'Variant 10', 197.54, 0, NULL, '2025-11-19 15:19:24', '2025-11-19 15:19:24'),
(203, 24, 'NAZ-RED-42', 'Red - 42', 199.00, 0, NULL, '2025-11-20 06:24:06', '2025-11-20 06:24:06'),
(204, 24, 'NAZ-BLU-41', 'Blue - 41', 199.00, 0, NULL, '2025-11-20 06:24:06', '2025-11-20 06:24:06'),
(206, 26, 'NAZ-RED-422', 'Red - 42', 1990.00, 0, NULL, '2025-11-20 06:27:44', '2025-11-20 06:27:44'),
(207, 26, 'NAZ-BLU-411', 'Black - 42 New', 155.00, 0, NULL, '2025-11-20 06:27:44', '2025-11-20 07:52:40'),
(208, 15, 'ADIDAS-BLK-42', 'Black - 42 New', 155.00, 0, NULL, '2025-11-20 07:41:17', '2025-11-20 07:53:02'),
(211, 27, 'SHOE-RED-42', 'Red 42', NULL, 0, NULL, '2025-11-20 08:36:22', '2025-11-20 08:36:22'),
(212, 27, 'SHOE-BLU-44', 'Blue 44', NULL, 0, NULL, '2025-11-20 08:36:22', '2025-11-20 08:36:22'),
(213, 28, 'SHIRT-M', 'M', NULL, 0, NULL, '2025-11-20 08:36:22', '2025-11-20 08:36:22');

-- --------------------------------------------------------

--
-- Table structure for table `refresh_tokens`
--

CREATE TABLE `refresh_tokens` (
  `id` bigint(20) UNSIGNED NOT NULL,
  `user_id` bigint(20) UNSIGNED NOT NULL,
  `token` varchar(255) NOT NULL,
  `expires_at` timestamp NULL DEFAULT NULL,
  `created_at` timestamp NULL DEFAULT NULL,
  `updated_at` timestamp NULL DEFAULT NULL
) ENGINE=InnoDB DEFAULT CHARSET=utf8mb4 COLLATE=utf8mb4_unicode_ci;

-- --------------------------------------------------------

--
-- Table structure for table `roles`
--

CREATE TABLE `roles` (
  `id` bigint(20) UNSIGNED NOT NULL,
  `name` varchar(255) NOT NULL,
  `created_at` timestamp NULL DEFAULT NULL,
  `updated_at` timestamp NULL DEFAULT NULL,
  `label` varchar(255) DEFAULT NULL
) ENGINE=InnoDB DEFAULT CHARSET=utf8mb4 COLLATE=utf8mb4_unicode_ci;

--
-- Dumping data for table `roles`
--

INSERT INTO `roles` (`id`, `name`, `created_at`, `updated_at`, `label`) VALUES
(1, 'admin', '2025-11-19 14:24:21', '2025-11-19 14:24:21', 'Administrator'),
(2, 'vendor', '2025-11-19 14:24:21', '2025-11-19 14:24:21', 'Vendor'),
(3, 'customer', '2025-11-19 14:24:21', '2025-11-19 14:24:21', 'Customer');

-- --------------------------------------------------------

--
-- Table structure for table `role_user`
--

CREATE TABLE `role_user` (
  `role_id` bigint(20) UNSIGNED NOT NULL,
  `user_id` bigint(20) UNSIGNED NOT NULL
) ENGINE=InnoDB DEFAULT CHARSET=utf8mb4 COLLATE=utf8mb4_unicode_ci;

--
-- Dumping data for table `role_user`
--

INSERT INTO `role_user` (`role_id`, `user_id`) VALUES
(1, 5),
(2, 4),
(3, 6);

-- --------------------------------------------------------

--
-- Table structure for table `sessions`
--

CREATE TABLE `sessions` (
  `id` varchar(255) NOT NULL,
  `user_id` bigint(20) UNSIGNED DEFAULT NULL,
  `ip_address` varchar(45) DEFAULT NULL,
  `user_agent` text DEFAULT NULL,
  `payload` longtext NOT NULL,
  `last_activity` int(11) NOT NULL
) ENGINE=InnoDB DEFAULT CHARSET=utf8mb4 COLLATE=utf8mb4_unicode_ci;

--
-- Dumping data for table `sessions`
--

INSERT INTO `sessions` (`id`, `user_id`, `ip_address`, `user_agent`, `payload`, `last_activity`) VALUES
('iFKv1aaiAN2Y8deNqOUn3OfFl4QEZXfovbyV6goi', NULL, '127.0.0.1', 'PostmanRuntime/7.46.0', 'YTozOntzOjY6Il90b2tlbiI7czo0MDoiRmJwUDJGYlpaU2xkWk1BRlhUQld4R1lqMmtFRUdlT1RzaTFDd2tyViI7czo5OiJfcHJldmlvdXMiO2E6Mjp7czozOiJ1cmwiO3M6MjE6Imh0dHA6Ly9sb2NhbGhvc3Q6ODAwMCI7czo1OiJyb3V0ZSI7Tjt9czo2OiJfZmxhc2giO2E6Mjp7czozOiJvbGQiO2E6MDp7fXM6MzoibmV3IjthOjA6e319fQ==', 1763637722),
('P0TOtcqeKWNXu2t3NFPo2qBlFLNnGkFfODyEXW4z', NULL, '127.0.0.1', 'Mozilla/5.0 (Windows NT 10.0; Win64; x64) AppleWebKit/537.36 (KHTML, like Gecko) Chrome/142.0.0.0 Safari/537.36', 'YTozOntzOjY6Il90b2tlbiI7czo0MDoiZU91endGWGhQMDV2c2dGa3FjclNLME5tYnN2S01wUzdDOXl4dkxUVSI7czo5OiJfcHJldmlvdXMiO2E6Mjp7czozOiJ1cmwiO3M6MjE6Imh0dHA6Ly8xMjcuMC4wLjE6ODAwMCI7czo1OiJyb3V0ZSI7Tjt9czo2OiJfZmxhc2giO2E6Mjp7czozOiJvbGQiO2E6MDp7fXM6MzoibmV3IjthOjA6e319fQ==', 1763566688),
('xgne25a8Kb0PmGDkXYKn8hnGM4cptX8YlNy8ABiF', NULL, '127.0.0.1', 'PostmanRuntime/7.46.0', 'YTozOntzOjY6Il90b2tlbiI7czo0MDoiWlFYZUQzOUtERDFVaGFHaTBrV2Y3NmdsRkVPaE9rZkdpcUZFOXhKMiI7czo5OiJfcHJldmlvdXMiO2E6Mjp7czozOiJ1cmwiO3M6MjE6Imh0dHA6Ly9sb2NhbGhvc3Q6ODAwMCI7czo1OiJyb3V0ZSI7Tjt9czo2OiJfZmxhc2giO2E6Mjp7czozOiJvbGQiO2E6MDp7fXM6MzoibmV3IjthOjA6e319fQ==', 1763583184);

-- --------------------------------------------------------

--
-- Table structure for table `users`
--

CREATE TABLE `users` (
  `id` bigint(20) UNSIGNED NOT NULL,
  `name` varchar(255) NOT NULL,
  `email` varchar(255) NOT NULL,
  `email_verified_at` timestamp NULL DEFAULT NULL,
  `password` varchar(255) NOT NULL,
  `provider` varchar(255) DEFAULT NULL,
  `remember_token` varchar(100) DEFAULT NULL,
  `created_at` timestamp NULL DEFAULT NULL,
  `updated_at` timestamp NULL DEFAULT NULL
) ENGINE=InnoDB DEFAULT CHARSET=utf8mb4 COLLATE=utf8mb4_unicode_ci;

--
-- Dumping data for table `users`
--

INSERT INTO `users` (`id`, `name`, `email`, `email_verified_at`, `password`, `provider`, `remember_token`, `created_at`, `updated_at`) VALUES
(4, 'Vendor Man', 'vendor@example.com', NULL, '$2y$12$9OV4Q2/xUZ8B1z3T44XrbeIOt/2FMSiQGn5/jQqsPlDUFiVS4j.8W', NULL, NULL, '2025-11-19 14:32:17', '2025-11-19 14:32:17'),
(5, 'Admin Man', 'admin@example.com', NULL, '$2y$12$UhasiTGi52ReGGl6vHEgJu8dE4V2uLE5CSQdRjtXF9BegHnWOx9Fm', NULL, NULL, '2025-11-19 14:34:06', '2025-11-19 14:34:06'),
(6, 'Customer one', 'customer@example.com', NULL, '$2y$12$yhlNwKuMkMCTInjz6Q0EaumDjh9Xv3ozG6BvvFll2ufkxdMxOv/qC', NULL, NULL, '2025-11-19 14:35:04', '2025-11-19 14:35:04');

--
-- Indexes for dumped tables
--

--
-- Indexes for table `cache`
--
ALTER TABLE `cache`
  ADD PRIMARY KEY (`key`);

--
-- Indexes for table `cache_locks`
--
ALTER TABLE `cache_locks`
  ADD PRIMARY KEY (`key`);

--
-- Indexes for table `failed_jobs`
--
ALTER TABLE `failed_jobs`
  ADD PRIMARY KEY (`id`),
  ADD UNIQUE KEY `failed_jobs_uuid_unique` (`uuid`);

--
-- Indexes for table `inventories`
--
ALTER TABLE `inventories`
  ADD PRIMARY KEY (`id`),
  ADD KEY `inventories_product_variant_id_foreign` (`product_variant_id`),
  ADD KEY `inventories_quantity_index` (`quantity`);

--
-- Indexes for table `jobs`
--
ALTER TABLE `jobs`
  ADD PRIMARY KEY (`id`),
  ADD KEY `jobs_queue_index` (`queue`);

--
-- Indexes for table `job_batches`
--
ALTER TABLE `job_batches`
  ADD PRIMARY KEY (`id`);

--
-- Indexes for table `low_stock_alerts`
--
ALTER TABLE `low_stock_alerts`
  ADD PRIMARY KEY (`id`),
  ADD KEY `low_stock_alerts_variant_id_foreign` (`variant_id`);

--
-- Indexes for table `migrations`
--
ALTER TABLE `migrations`
  ADD PRIMARY KEY (`id`);

--
-- Indexes for table `orders`
--
ALTER TABLE `orders`
  ADD PRIMARY KEY (`id`),
  ADD UNIQUE KEY `orders_order_number_unique` (`order_number`),
  ADD KEY `orders_user_id_foreign` (`user_id`),
  ADD KEY `orders_status_index` (`status`);

--
-- Indexes for table `order_items`
--
ALTER TABLE `order_items`
  ADD PRIMARY KEY (`id`),
  ADD KEY `order_items_order_id_foreign` (`order_id`),
  ADD KEY `order_items_product_variant_id_foreign` (`product_variant_id`);

--
-- Indexes for table `password_reset_tokens`
--
ALTER TABLE `password_reset_tokens`
  ADD PRIMARY KEY (`email`);

--
-- Indexes for table `products`
--
ALTER TABLE `products`
  ADD PRIMARY KEY (`id`),
  ADD UNIQUE KEY `products_sku_unique` (`sku`),
  ADD KEY `products_vendor_id_foreign` (`vendor_id`),
  ADD KEY `products_title_index` (`title`);
ALTER TABLE `products` ADD FULLTEXT KEY `products_title_description_fulltext` (`title`,`description`);

--
-- Indexes for table `product_variants`
--
ALTER TABLE `product_variants`
  ADD PRIMARY KEY (`id`),
  ADD UNIQUE KEY `product_variants_sku_unique` (`sku`),
  ADD KEY `product_variants_product_id_foreign` (`product_id`),
  ADD KEY `product_variants_sku_index` (`sku`);

--
-- Indexes for table `refresh_tokens`
--
ALTER TABLE `refresh_tokens`
  ADD PRIMARY KEY (`id`),
  ADD KEY `refresh_tokens_user_id_foreign` (`user_id`),
  ADD KEY `refresh_tokens_token_index` (`token`);

--
-- Indexes for table `roles`
--
ALTER TABLE `roles`
  ADD PRIMARY KEY (`id`),
  ADD UNIQUE KEY `roles_name_unique` (`name`);

--
-- Indexes for table `role_user`
--
ALTER TABLE `role_user`
  ADD PRIMARY KEY (`role_id`,`user_id`),
  ADD KEY `role_user_user_id_foreign` (`user_id`);

--
-- Indexes for table `sessions`
--
ALTER TABLE `sessions`
  ADD PRIMARY KEY (`id`),
  ADD KEY `sessions_user_id_index` (`user_id`),
  ADD KEY `sessions_last_activity_index` (`last_activity`);

--
-- Indexes for table `users`
--
ALTER TABLE `users`
  ADD PRIMARY KEY (`id`),
  ADD UNIQUE KEY `users_email_unique` (`email`);

--
-- AUTO_INCREMENT for dumped tables
--

--
-- AUTO_INCREMENT for table `failed_jobs`
--
ALTER TABLE `failed_jobs`
  MODIFY `id` bigint(20) UNSIGNED NOT NULL AUTO_INCREMENT;

--
-- AUTO_INCREMENT for table `inventories`
--
ALTER TABLE `inventories`
  MODIFY `id` bigint(20) UNSIGNED NOT NULL AUTO_INCREMENT, AUTO_INCREMENT=213;

--
-- AUTO_INCREMENT for table `jobs`
--
ALTER TABLE `jobs`
  MODIFY `id` bigint(20) UNSIGNED NOT NULL AUTO_INCREMENT;

--
-- AUTO_INCREMENT for table `low_stock_alerts`
--
ALTER TABLE `low_stock_alerts`
  MODIFY `id` bigint(20) UNSIGNED NOT NULL AUTO_INCREMENT;

--
-- AUTO_INCREMENT for table `migrations`
--
ALTER TABLE `migrations`
  MODIFY `id` int(10) UNSIGNED NOT NULL AUTO_INCREMENT, AUTO_INCREMENT=12;

--
-- AUTO_INCREMENT for table `orders`
--
ALTER TABLE `orders`
  MODIFY `id` bigint(20) UNSIGNED NOT NULL AUTO_INCREMENT, AUTO_INCREMENT=6;

--
-- AUTO_INCREMENT for table `order_items`
--
ALTER TABLE `order_items`
  MODIFY `id` bigint(20) UNSIGNED NOT NULL AUTO_INCREMENT, AUTO_INCREMENT=5;

--
-- AUTO_INCREMENT for table `products`
--
ALTER TABLE `products`
  MODIFY `id` bigint(20) UNSIGNED NOT NULL AUTO_INCREMENT, AUTO_INCREMENT=29;

--
-- AUTO_INCREMENT for table `product_variants`
--
ALTER TABLE `product_variants`
  MODIFY `id` bigint(20) UNSIGNED NOT NULL AUTO_INCREMENT, AUTO_INCREMENT=214;

--
-- AUTO_INCREMENT for table `refresh_tokens`
--
ALTER TABLE `refresh_tokens`
  MODIFY `id` bigint(20) UNSIGNED NOT NULL AUTO_INCREMENT;

--
-- AUTO_INCREMENT for table `roles`
--
ALTER TABLE `roles`
  MODIFY `id` bigint(20) UNSIGNED NOT NULL AUTO_INCREMENT, AUTO_INCREMENT=4;

--
-- AUTO_INCREMENT for table `users`
--
ALTER TABLE `users`
  MODIFY `id` bigint(20) UNSIGNED NOT NULL AUTO_INCREMENT, AUTO_INCREMENT=7;

--
-- Constraints for dumped tables
--

--
-- Constraints for table `inventories`
--
ALTER TABLE `inventories`
  ADD CONSTRAINT `inventories_product_variant_id_foreign` FOREIGN KEY (`product_variant_id`) REFERENCES `product_variants` (`id`) ON DELETE CASCADE;

--
-- Constraints for table `low_stock_alerts`
--
ALTER TABLE `low_stock_alerts`
  ADD CONSTRAINT `low_stock_alerts_variant_id_foreign` FOREIGN KEY (`variant_id`) REFERENCES `product_variants` (`id`) ON DELETE CASCADE;

--
-- Constraints for table `orders`
--
ALTER TABLE `orders`
  ADD CONSTRAINT `orders_user_id_foreign` FOREIGN KEY (`user_id`) REFERENCES `users` (`id`) ON DELETE CASCADE;

--
-- Constraints for table `order_items`
--
ALTER TABLE `order_items`
  ADD CONSTRAINT `order_items_order_id_foreign` FOREIGN KEY (`order_id`) REFERENCES `orders` (`id`) ON DELETE CASCADE,
  ADD CONSTRAINT `order_items_product_variant_id_foreign` FOREIGN KEY (`product_variant_id`) REFERENCES `product_variants` (`id`);

--
-- Constraints for table `products`
--
ALTER TABLE `products`
  ADD CONSTRAINT `products_vendor_id_foreign` FOREIGN KEY (`vendor_id`) REFERENCES `users` (`id`) ON DELETE SET NULL;

--
-- Constraints for table `product_variants`
--
ALTER TABLE `product_variants`
  ADD CONSTRAINT `product_variants_product_id_foreign` FOREIGN KEY (`product_id`) REFERENCES `products` (`id`) ON DELETE CASCADE;

--
-- Constraints for table `refresh_tokens`
--
ALTER TABLE `refresh_tokens`
  ADD CONSTRAINT `refresh_tokens_user_id_foreign` FOREIGN KEY (`user_id`) REFERENCES `users` (`id`) ON DELETE CASCADE;

--
-- Constraints for table `role_user`
--
ALTER TABLE `role_user`
  ADD CONSTRAINT `role_user_role_id_foreign` FOREIGN KEY (`role_id`) REFERENCES `roles` (`id`) ON DELETE CASCADE,
  ADD CONSTRAINT `role_user_user_id_foreign` FOREIGN KEY (`user_id`) REFERENCES `users` (`id`) ON DELETE CASCADE;
COMMIT;

/*!40101 SET CHARACTER_SET_CLIENT=@OLD_CHARACTER_SET_CLIENT */;
/*!40101 SET CHARACTER_SET_RESULTS=@OLD_CHARACTER_SET_RESULTS */;
/*!40101 SET COLLATION_CONNECTION=@OLD_COLLATION_CONNECTION */;
